A:PPT页,B:第几条,C:引用语义,D:PPT引文完整字段,E:DOI,F:类型,G:对应PDF文件,H:来源链接
3,1,,中华血液学杂志，2024，45(08):727-737,,LITERATURE,Pn-S3_1.pdf,https://rs.yiigle.com/cmaid/1421150
3,2,,"Luzzatto L, et al. Br J Haematol. 2020 Nov;191(4):579-586",10.1111/bjh.16473,LITERATURE,Pn-S3_2.pdf,DOI: 10.1111/bjh.16473 | https://pubmed.ncbi.nlm.nih.gov/?term=10.1111/bjh.16473 | https://europepmc.org/search?query=10.1111/bjh.16473 | https://doi.org/10.1111/bjh.16473
3,3,,"West EE, et al. Nat Rev Nephrol. 2023 Jul;19(7):426-439",10.1038/s41581-023-00697-x,LITERATURE,Pn-S3_3.pdf,DOI: 10.1038/s41581-023-00697-x | https://pubmed.ncbi.nlm.nih.gov/?term=10.1038/s41581-023-00697-x | https://europepmc.org/search?query=10.1038/s41581-023-00697-x | https://doi.org/10.1038/s41581-023-00697-x
4,4,,"Skattum L,et al. Mol Immunol. 2011;48(14):1643-1655",10.1016/j.molimm.2011.06.003,LITERATURE,,DOI: 10.1016/j.molimm.2011.06.003 | https://pubmed.ncbi.nlm.nih.gov/?term=10.1016/j.molimm.2011.06.003 | https://europepmc.org/search?query=10.1016/j.molimm.2011.06.003 | https://doi.org/10.1016/j.molimm.2011.06.003
4,5,,"Heesterbeek DAC, et al.  J Innate Immun. 2018;10(5-6):455-464",10.1159/000491859,LITERATURE,Pn-S4_5.pdf,DOI: 10.1159/000491859 | https://pubmed.ncbi.nlm.nih.gov/?term=10.1159/000491859 | https://europepmc.org/search?query=10.1159/000491859 | https://doi.org/10.1159/000491859
4,6,,"Figueroa JE, et al. Clin Microbiol Rev. 1991;4(3):359-395.",10.1128/CMR.4.3.359,LITERATURE,Pn-S4_6.pdf,DOI: 10.1128/CMR.4.3.359 | https://pubmed.ncbi.nlm.nih.gov/?term=10.1128/CMR.4.3.359 | https://europepmc.org/search?query=10.1128/CMR.4.3.359 | https://doi.org/10.1128/CMR.4.3.359
5,1,,"Kirschfink, M,  et al. Komplementsystem und Komplementdefekte. Springer, Berlin, Heidelberg. 2020",,LITERATURE,Pn-S5_1.pdf,
6,1,,Nat Rev Nephrol. 2018 Jan;14(1):26-47.,,LITERATURE,Pn-S6_1.pdf,
7,1,,"Timmermans SAMEG, et al. J Clin Med. 2021 Jul 8;10(14):3034.",10.3390/jcm10143034,LITERATURE,Pn-S7_1.pdf,DOI: 10.3390/jcm10143034 | https://pubmed.ncbi.nlm.nih.gov/?term=10.3390/jcm10143034 | https://europepmc.org/search?query=10.3390/jcm10143034 | https://doi.org/10.3390/jcm10143034
8,1,,"Laurence J, et al. Clin Adv Hematol Oncol. 2016;14(11 suppl 11):2-15",27930620,LITERATURE,Pn-S8_1.pdf,https://doi.org/27930620
8,2,,"Palma L M P, Sridharan M, Sethi S. Kidney International Reports, 2021, 6(1): 11-23.",,LITERATURE,Pn-S8_2.pdf,
9,1,,"George JN, et al. N Engl J Med. 2014 Aug 14;371(7):654-66.",10.1056/NEJMc1410951,LITERATURE,,DOI: 10.1056/NEJMc1410951 | https://pubmed.ncbi.nlm.nih.gov/?term=10.1056/NEJMc1410951 | https://europepmc.org/search?query=10.1056/NEJMc1410951 | https://doi.org/10.1056/NEJMc1410951
9,3,,"戴艳玲, 等.  中华医学杂志. 2018;98(48):3987-3990.",,LITERATURE,,
9,4,,中华医学会血液学分会造血干细胞应用学组. 中华血液学杂志. 2021;42(3):177-184.,,LITERATURE,,
9,5,,"非典型溶血尿毒综合征多学科共识协作组. 中华内科杂志,2025,64(5)：396-411.",,LITERATURE,,
11,1,,"任宏, 等. 中国小儿急救医学,2020,27 (08): 577-581.",,LITERATURE,,
11,2,,"Azoulay, Elie, et al. Chest 152.2 (2017): 424-434.",10.1016/j.chest.2017.03.055,LITERATURE,Pn-S11_2.pdf,DOI: 10.1016/j.chest.2017.03.055 | https://pubmed.ncbi.nlm.nih.gov/?term=10.1016/j.chest.2017.03.055 | https://europepmc.org/search?query=10.1016/j.chest.2017.03.055 | https://doi.org/10.1016/j.chest.2017.03.055
11,3,,Brodsky RA. Paroxysmal nocturnal hemoglobinuria. Blood. 2014;124(18):2804-2811.,10.1182/blood-2014-02-522128,LITERATURE,Pn-S11_3.pdf,DOI: 10.1182/blood-2014-02-522128 | https://pubmed.ncbi.nlm.nih.gov/?term=10.1182/blood-2014-02-522128 | https://europepmc.org/search?query=10.1182/blood-2014-02-522128 | https://doi.org/10.1182/blood-2014-02-522128
11,4,,浙江省医学会血液学分会.浙江医学. 2025;47(6).,,LITERATURE,,
11,5,,中华医学会血液学分会.自身免疫性溶血性贫血诊疗指南.,,LITERATURE,,
11,6,,"Luzzatto L, et al. Lancet. 2008;371(9606):64-74.",10.1242/jeb.013219,LITERATURE,,DOI: 10.1242/jeb.013219 | https://pubmed.ncbi.nlm.nih.gov/?term=10.1242/jeb.013219 | https://europepmc.org/search?query=10.1242/jeb.013219 | https://doi.org/10.1242/jeb.013219
11,7,,"Yerigeri K, et al. J Multidiscip Healthc. 2023;16:2233-2249.",10.2147/JMDH.S245620,LITERATURE,Pn-S11_7.pdf,DOI: 10.2147/JMDH.S245620 | https://pubmed.ncbi.nlm.nih.gov/?term=10.2147/JMDH.S245620 | https://europepmc.org/search?query=10.2147/JMDH.S245620 | https://doi.org/10.2147/JMDH.S245620
12,2,,"中华血液学杂志, 2017, 38(005):361-363.",,LITERATURE,Pn-S12_2.pdf,
12,3,,UpToDate. Diagnosis of hemolytic anemia in adults[OL]. UpToDate. 2025-12-4[引用日期：2026-05-18]. https://www.uptodate.com/contents/diagnosis-of-hemolytic-anemia-in-adults?search=adult%20MAHA%20diagnose&source=search_result&selectedTitle=14~150&usage_type=default&display_rank=14,,LITERATURE,,
13,1,,"焦扬, 等. 外周血破碎红细胞比例与移植相关血栓性微血管病患者临床特点的相关性分析. 现代肿瘤医学. 2023;31(10):1886-1889.",,LITERATURE,,
13,2,,"Martinez MT, et al. Bone Marrow Transplant. 2005;36:993-1000.",16184183,LITERATURE,,https://doi.org/16184183
14,1,,"Nguyen TC, et al. Crit Care. 2006;10(6):235.",17096864,LITERATURE,Pn-S14_1.pdf,https://doi.org/17096864
14,2,,"Brocklebank V, et al. Clin J Am Soc Nephrol. 2018 Feb 7;13(2):300-317.",10.2215/CJN.00620117,LITERATURE,Pn-S14_2.pdf,DOI: 10.2215/CJN.00620117 | https://pubmed.ncbi.nlm.nih.gov/?term=10.2215/CJN.00620117 | https://europepmc.org/search?query=10.2215/CJN.00620117 | https://doi.org/10.2215/CJN.00620117
14,3,,"Thompson GL, et al. Int J Lab Hematol. 2022 Sep;44 Suppl 1(Suppl 1):101-113.",10.1111/ijlh.13954,LITERATURE,Pn-S14_3.pdf,DOI: 10.1111/ijlh.13954 | https://pubmed.ncbi.nlm.nih.gov/?term=10.1111/ijlh.13954 | https://europepmc.org/search?query=10.1111/ijlh.13954 | https://doi.org/10.1111/ijlh.13954
15,1,,"Nickeleit, Volker. “Thrombotic Microangiopathy in Renal Allografts.” (2007).",,LITERATURE,Pn-S15_1.pdf,
15,2,,"Prasad C, et al. Pediatric Nephrology, 2020;35(10):1857-1864.",10.1007/s00467-020-04515-5,LITERATURE,,DOI: 10.1007/s00467-020-04515-5 | https://pubmed.ncbi.nlm.nih.gov/?term=10.1007/s00467-020-04515-5 | https://europepmc.org/search?query=10.1007/s00467-020-04515-5 | https://doi.org/10.1007/s00467-020-04515-5
16,1,,"Trojnar E, et al. Frontiers in immunology. 2019;10:240.",10.3389/fimmu.2019.00240,LITERATURE,Pn-S16_1.pdf,DOI: 10.3389/fimmu.2019.00240 | https://pubmed.ncbi.nlm.nih.gov/?term=10.3389/fimmu.2019.00240 | https://europepmc.org/search?query=10.3389/fimmu.2019.00240 | https://doi.org/10.3389/fimmu.2019.00240
17,1,,"中华医学会血液学分会血栓与止血学组. 中华血液学杂志. 2022;43(1):6.2. Zheng XL, et al. J Thromb Haemost. 2020 Oct;18(10):2486-2495.",,LITERATURE,,
17,3,,George J N. New England Journal of Medicine. 2006; 354(18):1927-1935.,17079761,LITERATURE,,https://doi.org/17079761
17,4,,"Issa L, et al. Cureus. 2024 May 14;16(5):e60259.",10.7759/cureus.72098,LITERATURE,Pn-S17_4.pdf,DOI: 10.7759/cureus.72098 | https://pubmed.ncbi.nlm.nih.gov/?term=10.7759/cureus.72098 | https://europepmc.org/search?query=10.7759/cureus.72098 | https://doi.org/10.7759/cureus.72098
18,1,,"Zheng XL, et al. J Thromb Haemost. 2020 Oct;18(10):2486-2495.",10.1111/jth.15006,LITERATURE,Pn-S18_1.pdf,DOI: 10.1111/jth.15006 | https://pubmed.ncbi.nlm.nih.gov/?term=10.1111/jth.15006 | https://europepmc.org/search?query=10.1111/jth.15006 | https://doi.org/10.1111/jth.15006
19,1,,"Sukumar S, et al. J Clin Med. 2021 Feb 2;10(3):536.",10.3390/jcm10030536,LITERATURE,Pn-S19_1.pdf,DOI: 10.3390/jcm10030536 | https://pubmed.ncbi.nlm.nih.gov/?term=10.3390/jcm10030536 | https://europepmc.org/search?query=10.3390/jcm10030536 | https://doi.org/10.3390/jcm10030536
19,2,,"Fox LC, et al. Intern Med J. 2018 Jun;48(6):624-636.",10.1111/imj.13804,LITERATURE,Pn-S19_2.pdf,DOI: 10.1111/imj.13804 | https://pubmed.ncbi.nlm.nih.gov/?term=10.1111/imj.13804 | https://europepmc.org/search?query=10.1111/imj.13804 | https://doi.org/10.1111/imj.13804
20,1,,"Henrique IM, et al. Front Cell Infect Microbiol. 2022 Feb 10;12:825856.",10.3389/fcimb.2022.825856,LITERATURE,Pn-S20_1.pdf,DOI: 10.3389/fcimb.2022.825856 | https://pubmed.ncbi.nlm.nih.gov/?term=10.3389/fcimb.2022.825856 | https://europepmc.org/search?query=10.3389/fcimb.2022.825856 | https://doi.org/10.3389/fcimb.2022.825856
20,2,,"Liu Y, et al. Toxins (Basel). 2022 Dec 23;15(1):10.",,LITERATURE,Pn-S20_2.pdf,
21,1,,"Praga M, et al. Kidney Int. 2019;95(6):1298-1300.",10.1016/j.kint.2019.04.020,LITERATURE,,DOI: 10.1016/j.kint.2019.04.020 | https://pubmed.ncbi.nlm.nih.gov/?term=10.1016/j.kint.2019.04.020 | https://europepmc.org/search?query=10.1016/j.kint.2019.04.020 | https://doi.org/10.1016/j.kint.2019.04.020
22,1,,Laurence J. Clin Adv Hematol Oncol. 2016; Suppl 11(11):2-15.,27930620,LITERATURE,Pn-S22_1.pdf,https://doi.org/27930620
23,1,,Jodele S. Semin Hematol. 2018;55(3):159-166.,10.1055/s-0039-1692721,LITERATURE,,DOI: 10.1055/s-0039-1692721 | https://pubmed.ncbi.nlm.nih.gov/?term=10.1055/s-0039-1692721 | https://europepmc.org/search?query=10.1055/s-0039-1692721 | https://doi.org/10.1055/s-0039-1692721
23,2,,"Schoettler ML, et al. Transplant Cell Ther. 2023;29(3):151-163.",10.1016/j.jtct.2022.11.024,LITERATURE,,DOI: 10.1016/j.jtct.2022.11.024 | https://pubmed.ncbi.nlm.nih.gov/?term=10.1016/j.jtct.2022.11.024 | https://europepmc.org/search?query=10.1016/j.jtct.2022.11.024 | https://doi.org/10.1016/j.jtct.2022.11.024
23,3,,"Ho VT, et al. Biol Blood Marrow Transplant. 2005;11(8):571-575.",10.1016/j.bbmt.2005.06.001,LITERATURE,,DOI: 10.1016/j.bbmt.2005.06.001 | https://pubmed.ncbi.nlm.nih.gov/?term=10.1016/j.bbmt.2005.06.001 | https://europepmc.org/search?query=10.1016/j.bbmt.2005.06.001 | https://doi.org/10.1016/j.bbmt.2005.06.001
23,4,,"Gavrilaki E, et al. Clin Transplant. 2018;32(9):e13371.",10.1111/ctr.13371,LITERATURE,Pn-S23_4.pdf,DOI: 10.1111/ctr.13371 | https://pubmed.ncbi.nlm.nih.gov/?term=10.1111/ctr.13371 | https://europepmc.org/search?query=10.1111/ctr.13371 | https://doi.org/10.1111/ctr.13371
23,5,,"Dvorak CC, et al. Front Pediatr. 2019;7:133.",10.3389/fped.2019.00133,LITERATURE,Pn-S23_5.pdf,DOI: 10.3389/fped.2019.00133 | https://pubmed.ncbi.nlm.nih.gov/?term=10.3389/fped.2019.00133 | https://europepmc.org/search?query=10.3389/fped.2019.00133 | https://doi.org/10.3389/fped.2019.00133
23,6,,"Khaled SK, et al. J Clin Oncol. 2022;40(22):2447-2459.",10.1200/JCO.21.02371,LITERATURE,Pn-S23_6.pdf,DOI: 10.1200/JCO.21.02371 | https://pubmed.ncbi.nlm.nih.gov/?term=10.1200/JCO.21.02371 | https://europepmc.org/search?query=10.1200/JCO.21.02371 | https://doi.org/10.1200/JCO.21.02371
23,7,,"Wanchoo R, et al. Am J Kidney Dis. 2018;72(6):857-865.",10.1053/j.ajkd.2018.06.034,LITERATURE,,DOI: 10.1053/j.ajkd.2018.06.034 | https://pubmed.ncbi.nlm.nih.gov/?term=10.1053/j.ajkd.2018.06.034 | https://europepmc.org/search?query=10.1053/j.ajkd.2018.06.034 | https://doi.org/10.1053/j.ajkd.2018.06.034
23,8,,Lazana I. Int J Mol Sci. 2023;24(2):1159.,10.3390/ijms24021159,LITERATURE,Pn-S23_8.pdf,DOI: 10.3390/ijms24021159 | https://pubmed.ncbi.nlm.nih.gov/?term=10.3390/ijms24021159 | https://europepmc.org/search?query=10.3390/ijms24021159 | https://doi.org/10.3390/ijms24021159
23,9,,"Jodele S, et al. Blood Rev. 2015;29(3):191-204.",10.1016/j.blre.2014.11.001,LITERATURE,,DOI: 10.1016/j.blre.2014.11.001 | https://pubmed.ncbi.nlm.nih.gov/?term=10.1016/j.blre.2014.11.001 | https://europepmc.org/search?query=10.1016/j.blre.2014.11.001 | https://doi.org/10.1016/j.blre.2014.11.001
23,10,,"Dandoy CE, et al. Biol Blood Marrow Transplant. 2015;21(1):113-118.",10.1016/j.bbmt.2014.09.028,LITERATURE,,DOI: 10.1016/j.bbmt.2014.09.028 | https://pubmed.ncbi.nlm.nih.gov/?term=10.1016/j.bbmt.2014.09.028 | https://europepmc.org/search?query=10.1016/j.bbmt.2014.09.028 | https://doi.org/10.1016/j.bbmt.2014.09.028
23,11,,"Dandoy CE, et al. Blood Adv. 2021;5(1):1-11.",10.1182/bloodadvances.2020003308,LITERATURE,,DOI: 10.1182/bloodadvances.2020003308 | https://pubmed.ncbi.nlm.nih.gov/?term=10.1182/bloodadvances.2020003308 | https://europepmc.org/search?query=10.1182/bloodadvances.2020003308 | https://doi.org/10.1182/bloodadvances.2020003308
23,12,,"Jodele S, et al. Blood. 2014;124(4):645-653.",10.1182/blood-2014-03-564930,LITERATURE,,DOI: 10.1182/blood-2014-03-564930 | https://pubmed.ncbi.nlm.nih.gov/?term=10.1182/blood-2014-03-564930 | https://europepmc.org/search?query=10.1182/blood-2014-03-564930 | https://doi.org/10.1182/blood-2014-03-564930
23,13,,"Jodele S, et al. Bone Marrow Transplant. 2018;53(10):1311-1318.",10.1038/s41409-018-0156-8,LITERATURE,,DOI: 10.1038/s41409-018-0156-8 | https://pubmed.ncbi.nlm.nih.gov/?term=10.1038/s41409-018-0156-8 | https://europepmc.org/search?query=10.1038/s41409-018-0156-8 | https://doi.org/10.1038/s41409-018-0156-8
23,14,,"Rampogal A, et al. J Personal Med. 2021;11:467.",10.1038/s41409-023-01951-3,LITERATURE,Pn-S23_14.pdf,DOI: 10.1038/s41409-023-01951-3 | https://pubmed.ncbi.nlm.nih.gov/?term=10.1038/s41409-023-01951-3 | https://europepmc.org/search?query=10.1038/s41409-023-01951-3 | https://doi.org/10.1038/s41409-023-01951-3
23,15,,"Schoettler M, et al. Biol Blood Marrow Transplant. 2019;25(5):e163-e168.",10.1016/j.bbmt.2019.01.027,LITERATURE,Pn-S23_15.pdf,DOI: 10.1016/j.bbmt.2019.01.027 | https://pubmed.ncbi.nlm.nih.gov/?term=10.1016/j.bbmt.2019.01.027 | https://europepmc.org/search?query=10.1016/j.bbmt.2019.01.027 | https://doi.org/10.1016/j.bbmt.2019.01.027
23,16,,"Schoettler M, et al. Blood Adv. 2020;4(11):2536-2547.",10.1182/bloodadvances.2019001242,LITERATURE,Pn-S23_16.pdf,DOI: 10.1182/bloodadvances.2019001242 | https://pubmed.ncbi.nlm.nih.gov/?term=10.1182/bloodadvances.2019001242 | https://europepmc.org/search?query=10.1182/bloodadvances.2019001242 | https://doi.org/10.1182/bloodadvances.2019001242
23,17,,"Wang Y, et al. Front Hematol. 2024;3.",10.3389/frhem.2024.1405311,LITERATURE,Pn-S23_17.pdf,DOI: 10.3389/frhem.2024.1405311 | https://pubmed.ncbi.nlm.nih.gov/?term=10.3389/frhem.2024.1405311 | https://europepmc.org/search?query=10.3389/frhem.2024.1405311 | https://doi.org/10.3389/frhem.2024.1405311
23,18,,"Kraft S, et al. Bone Marrow Transplant. 2019;54(4):540-548.",10.1038/s41409-018-0345-9,LITERATURE,Pn-S23_18.pdf,DOI: 10.1038/s41409-018-0345-9 | https://pubmed.ncbi.nlm.nih.gov/?term=10.1038/s41409-018-0345-9 | https://europepmc.org/search?query=10.1038/s41409-018-0345-9 | https://doi.org/10.1038/s41409-018-0345-9
23,19,,"Li A, et al. Biol Blood Marrow Transplant. 2019;25(3):570-576.",10.1016/j.bbmt.2018.10.015,LITERATURE,Pn-S23_19.pdf,DOI: 10.1016/j.bbmt.2018.10.015 | https://pubmed.ncbi.nlm.nih.gov/?term=10.1016/j.bbmt.2018.10.015 | https://europepmc.org/search?query=10.1016/j.bbmt.2018.10.015 | https://doi.org/10.1016/j.bbmt.2018.10.015
23,20,,"Postalcioglu M, et al. Biol Blood Marrow Transplant. 2018;24(11):2344-2353.",10.1016/j.bbmt.2018.05.010,LITERATURE,Pn-S23_20.pdf,DOI: 10.1016/j.bbmt.2018.05.010 | https://pubmed.ncbi.nlm.nih.gov/?term=10.1016/j.bbmt.2018.05.010 | https://europepmc.org/search?query=10.1016/j.bbmt.2018.05.010 | https://doi.org/10.1016/j.bbmt.2018.05.010
23,21,,"Liu W, et al. Ann Hematol. 2024;103(9):3303-3313.",10.1007/s00277-024-05635-w,LITERATURE,Pn-S23_21.pdf,DOI: 10.1007/s00277-024-05635-w | https://pubmed.ncbi.nlm.nih.gov/?term=10.1007/s00277-024-05635-w | https://europepmc.org/search?query=10.1007/s00277-024-05635-w | https://doi.org/10.1007/s00277-024-05635-w
23,22,,"Chen BT, et al. Eur Radiol. 2012;22(10):2273-2281.",10.1007/s00330-012-2490-6,LITERATURE,Pn-S23_22.pdf,DOI: 10.1007/s00330-012-2490-6 | https://pubmed.ncbi.nlm.nih.gov/?term=10.1007/s00330-012-2490-6 | https://europepmc.org/search?query=10.1007/s00330-012-2490-6 | https://doi.org/10.1007/s00330-012-2490-6
23,23,,"Sabulski A, et al. Blood Adv. 2022;6(14):4310-4319.",10.1182/bloodadvances.2022007453,LITERATURE,Pn-S23_23.pdf,DOI: 10.1182/bloodadvances.2022007453 | https://pubmed.ncbi.nlm.nih.gov/?term=10.1182/bloodadvances.2022007453 | https://europepmc.org/search?query=10.1182/bloodadvances.2022007453 | https://doi.org/10.1182/bloodadvances.2022007453
23,24,,"Schoettler ML, et al. Transplant Cell Ther. 2023;29(1):45.e1-45.e8.",10.1016/j.jtct.2022.11.014,LITERATURE,,DOI: 10.1016/j.jtct.2022.11.014 | https://pubmed.ncbi.nlm.nih.gov/?term=10.1016/j.jtct.2022.11.014 | https://europepmc.org/search?query=10.1016/j.jtct.2022.11.014 | https://doi.org/10.1016/j.jtct.2022.11.014
23,25,,"Dandoy CE, et al. Transplant Cell Ther. 2023;29(4):282.e1-282.e9.",10.1016/j.jtct.2022.12.020,LITERATURE,,DOI: 10.1016/j.jtct.2022.12.020 | https://pubmed.ncbi.nlm.nih.gov/?term=10.1016/j.jtct.2022.12.020 | https://europepmc.org/search?query=10.1016/j.jtct.2022.12.020 | https://doi.org/10.1016/j.jtct.2022.12.020
23,26,,"Jodele S, et al. Biol Blood Marrow Transplant. 2013;19(2013):202-207.",10.1016/j.bbmt.2012.08.022,LITERATURE,,DOI: 10.1016/j.bbmt.2012.08.022 | https://pubmed.ncbi.nlm.nih.gov/?term=10.1016/j.bbmt.2012.08.022 | https://europepmc.org/search?query=10.1016/j.bbmt.2012.08.022 | https://doi.org/10.1016/j.bbmt.2012.08.022
24,1,,"Schoettler ML, et al. Transplant Cell Ther. 2023 Mar;29(3):151-163.",10.1016/j.jtct.2022.11.024,LITERATURE,,DOI: 10.1016/j.jtct.2022.11.024 | https://pubmed.ncbi.nlm.nih.gov/?term=10.1016/j.jtct.2022.11.024 | https://europepmc.org/search?query=10.1016/j.jtct.2022.11.024 | https://doi.org/10.1016/j.jtct.2022.11.024
24,2,,"中华医学会血液学分会造血干细胞应用学组. 造血干细胞移植相关血栓性微血管病诊断和治疗中国专家共识(2021年版) [J] . 中华血液学杂志, 2021, 42(3) : 177-184",,LITERATURE,,https://rs.yiigle.com/cmaid/1421150
24,3,,"张赵光, 董琳. 移植相关性血栓性微血管病临床研究[J]. 临床医学进展, 2022, 12(11): 10863-10869",,LITERATURE,Pn-S24_3.pdf,https://www.chndoi.org/10.12677/ACM.2022.121532
25,1,,"Jodele S, et al. Blood. 2014;123(13):2071-2079.",10.1182/blood-2014-03-564997,LITERATURE,Pn-S25_1.pdf,DOI: 10.1182/blood-2014-03-564997 | https://pubmed.ncbi.nlm.nih.gov/?term=10.1182/blood-2014-03-564997 | https://europepmc.org/search?query=10.1182/blood-2014-03-564997 | https://doi.org/10.1182/blood-2014-03-564997
25,2,,非典型溶血尿毒综合征多学科诊疗实践专家共识（2025版）. 中华内科杂志. 2025;64(5):396-411.,,LITERATURE,,
25,3,,"Timmermans SAMEG, et al. J Clin Med. 2021;10(14):3034.",10.3390/jcm10143034,LITERATURE,Pn-S25_3.pdf,DOI: 10.3390/jcm10143034 | https://pubmed.ncbi.nlm.nih.gov/?term=10.3390/jcm10143034 | https://europepmc.org/search?query=10.3390/jcm10143034 | https://doi.org/10.3390/jcm10143034
27,1,,"Sakari Jokiranta T, et al. BMC Nephrol. 2017 Oct 28;18(1):324.",10.1186/s12882-017-0727-y,LITERATURE,Pn-S27_1.pdf,DOI: 10.1186/s12882-017-0727-y | https://pubmed.ncbi.nlm.nih.gov/?term=10.1186/s12882-017-0727-y | https://europepmc.org/search?query=10.1186/s12882-017-0727-y | https://doi.org/10.1186/s12882-017-0727-y
28,1,,Lazana I. Int J Mol Sci. 2023 Jan 6;24(2):1159.,10.3390/ijms24119358,LITERATURE,Pn-S28_1.pdf,DOI: 10.3390/ijms24119358 | https://pubmed.ncbi.nlm.nih.gov/?term=10.3390/ijms24119358 | https://europepmc.org/search?query=10.3390/ijms24119358 | https://doi.org/10.3390/ijms24119358
28,2,,"Renaud A, et al. PLoS One. 2021 Nov 19;16(11):e0260196.",10.1371/journal.pone.0260196,LITERATURE,Pn-S28_2.pdf,DOI: 10.1371/journal.pone.0260196 | https://pubmed.ncbi.nlm.nih.gov/?term=10.1371/journal.pone.0260196 | https://europepmc.org/search?query=10.1371/journal.pone.0260196 | https://doi.org/10.1371/journal.pone.0260196
28,3,,"Limin H, et al. Journal of Clinical and Nursing Research. 2023;7(5):28-31.",,LITERATURE,Pn-S28_3.pdf,
28,4,,"Mahmoud AA, et al. Am J Hematol. 2023 Jul;98(7):E161-E164.",10.1002/ajh.26926,LITERATURE,,DOI: 10.1002/ajh.26926 | https://pubmed.ncbi.nlm.nih.gov/?term=10.1002/ajh.26926 | https://europepmc.org/search?query=10.1002/ajh.26926 | https://doi.org/10.1002/ajh.26926
29,1,,"Ronald S ,et al.Mayo Clin Proc . 2016 Sep;91(9):1189-211.",10.1016/j.mayocp.2016.05.015,LITERATURE,,DOI: 10.1016/j.mayocp.2016.05.015 | https://pubmed.ncbi.nlm.nih.gov/?term=10.1016/j.mayocp.2016.05.015 | https://europepmc.org/search?query=10.1016/j.mayocp.2016.05.015 | https://doi.org/10.1016/j.mayocp.2016.05.015
29,2,,"Sridharan M, Go R S, Abraham R S, et al. Elsevier, 2018, 93(10): 1351-1362.",,LITERATURE,,
30,2,,"非典型溶血尿毒综合征多学科共识协作组. 中华内科杂志,2025,64(5):396-411.",,LITERATURE,,
30,3,,"Uriol Rivera MG, et al. Plos one, 2018, 13(11): e0206558.",,LITERATURE,Pn-S30_3.pdf,
30,4,,"Gordon CE, et al. Am J Kidney Dis 2017;70(5):715-721.",10.1053/j.ajkd.2017.05.017,LITERATURE,Pn-S30_4.pdf,DOI: 10.1053/j.ajkd.2017.05.017 | https://pubmed.ncbi.nlm.nih.gov/?term=10.1053/j.ajkd.2017.05.017 | https://europepmc.org/search?query=10.1053/j.ajkd.2017.05.017 | https://doi.org/10.1053/j.ajkd.2017.05.017
31,1,,"Noris M, et al. Clin J Am Soc Nephrol. 2010 Oct;5(10):1844-1859.",10.2215/CJN.04950610,LITERATURE,,DOI: 10.2215/CJN.04950610 | https://pubmed.ncbi.nlm.nih.gov/?term=10.2215/CJN.04950610 | https://europepmc.org/search?query=10.2215/CJN.04950610 | https://doi.org/10.2215/CJN.04950610
31,2,,"Jiang A, Liu Y, et al. Front Pharmacol. 2025;16:1538563",,LITERATURE,Pn-S31_2.pdf,
31,4,,"Fakhouri F, et al. Am J Kidney Dis. 2016 Jul;68(1):84-93.",10.1053/j.ajkd.2015.12.034,LITERATURE,,DOI: 10.1053/j.ajkd.2015.12.034 | https://pubmed.ncbi.nlm.nih.gov/?term=10.1053/j.ajkd.2015.12.034 | https://europepmc.org/search?query=10.1053/j.ajkd.2015.12.034 | https://doi.org/10.1053/j.ajkd.2015.12.034
31,5,,"Licht C, et al. Kidney Int. 2015 May;87(5):1061-1073.",10.1038/ki.2014.423,LITERATURE,Pn-S31_5.pdf,DOI: 10.1038/ki.2014.423 | https://pubmed.ncbi.nlm.nih.gov/?term=10.1038/ki.2014.423 | https://europepmc.org/search?query=10.1038/ki.2014.423 | https://doi.org/10.1038/ki.2014.423
31,6,,Incidence and Outcome of Meningococcal Infection With Eculizumab or Ravulizumab in Patients With Generalized Myasthenia Gravis. 2024.,,LITERATURE,Pn-S31_6.pdf,
